{
  "name": "Automatic Translation",
  "description": "When there is a new event via HTTP webhook, do action",
  "version": 4,
  "private": true,
  "concurrency": 1,
  "code": {
    "number": 0,
    "provider": "workato_webhooks",
    "name": "new_event",
    "as": "4d3177e1",
    "title": null,
    "description": "<span class=\"provider\">Item saved hahn demo</span> via <span class=\"provider\">HTTP webhook</span>",
    "keyword": "trigger",
    "input": {
      "request": {
        "webhook_type": "json",
        "payload_schema": "[{\"control_type\":\"text\",\"label\":\"Event name\",\"type\":\"string\",\"name\":\"EventName\"},{\"properties\":[{\"control_type\":\"text\",\"label\":\"Language\",\"type\":\"string\",\"name\":\"Language\"},{\"control_type\":\"number\",\"label\":\"Version\",\"parse_output\":\"float_conversion\",\"type\":\"number\",\"name\":\"Version\"},{\"control_type\":\"text\",\"label\":\"ID\",\"type\":\"string\",\"name\":\"Id\"},{\"control_type\":\"text\",\"label\":\"Name\",\"type\":\"string\",\"name\":\"Name\"},{\"control_type\":\"text\",\"label\":\"Parent ID\",\"type\":\"string\",\"name\":\"ParentId\"},{\"control_type\":\"text\",\"label\":\"Template ID\",\"type\":\"string\",\"name\":\"TemplateId\"},{\"control_type\":\"text\",\"label\":\"Master ID\",\"type\":\"string\",\"name\":\"MasterId\"},{\"name\":\"SharedFields\",\"type\":\"array\",\"of\":\"object\",\"label\":\"Shared fields\",\"properties\":[{\"control_type\":\"text\",\"label\":\"ID\",\"type\":\"string\",\"name\":\"Id\"},{\"control_type\":\"text\",\"label\":\"Value\",\"type\":\"string\",\"name\":\"Value\"}]},{\"name\":\"VersionedFields\",\"type\":\"array\",\"of\":\"object\",\"label\":\"Versioned fields\",\"properties\":[{\"control_type\":\"text\",\"label\":\"ID\",\"type\":\"string\",\"name\":\"Id\"},{\"control_type\":\"text\",\"label\":\"Value\",\"type\":\"string\",\"name\":\"Value\"},{\"control_type\":\"number\",\"label\":\"Version\",\"parse_output\":\"float_conversion\",\"type\":\"number\",\"name\":\"Version\"},{\"control_type\":\"text\",\"label\":\"Language\",\"type\":\"string\",\"name\":\"Language\"}]}],\"label\":\"Item\",\"type\":\"object\",\"name\":\"Item\"},{\"properties\":[{\"name\":\"FieldChanges\",\"type\":\"array\",\"of\":\"object\",\"label\":\"Field changes\",\"properties\":[{\"control_type\":\"text\",\"label\":\"Field ID\",\"type\":\"string\",\"name\":\"FieldId\"},{\"control_type\":\"text\",\"label\":\"Value\",\"type\":\"string\",\"name\":\"Value\"},{\"control_type\":\"text\",\"label\":\"Original value\",\"type\":\"string\",\"name\":\"OriginalValue\"}]},{\"control_type\":\"text\",\"label\":\"Is unversioned field changed\",\"render_input\":{},\"parse_output\":{},\"toggle_hint\":\"Select from option list\",\"toggle_field\":{\"label\":\"Is unversioned field changed\",\"control_type\":\"text\",\"toggle_hint\":\"Use custom value\",\"type\":\"boolean\",\"name\":\"IsUnversionedFieldChanged\"},\"type\":\"boolean\",\"name\":\"IsUnversionedFieldChanged\"},{\"control_type\":\"text\",\"label\":\"Is shared field changed\",\"render_input\":{},\"parse_output\":{},\"toggle_hint\":\"Select from option list\",\"toggle_field\":{\"label\":\"Is shared field changed\",\"control_type\":\"text\",\"toggle_hint\":\"Use custom value\",\"type\":\"boolean\",\"name\":\"IsSharedFieldChanged\"},\"type\":\"boolean\",\"name\":\"IsSharedFieldChanged\"}],\"label\":\"Changes\",\"type\":\"object\",\"name\":\"Changes\"},{\"control_type\":\"text\",\"label\":\"Webhook item ID\",\"type\":\"string\",\"name\":\"WebhookItemId\"},{\"control_type\":\"text\",\"label\":\"Webhook item name\",\"type\":\"string\",\"name\":\"WebhookItemName\"}]",
        "headers_schema": "[{\"control_type\":\"text\",\"label\":\"Content length\",\"type\":\"string\",\"name\":\"content_length\"},{\"control_type\":\"text\",\"label\":\"Content type\",\"type\":\"string\",\"name\":\"content_type\"},{\"control_type\":\"text\",\"label\":\"X amzn trace ID\",\"type\":\"string\",\"name\":\"x_amzn_trace_id\"},{\"control_type\":\"text\",\"label\":\"X correlation ID\",\"type\":\"string\",\"name\":\"x_correlation_id\"},{\"control_type\":\"text\",\"label\":\"X forwarded for\",\"type\":\"string\",\"name\":\"x_forwarded_for\"},{\"control_type\":\"text\",\"label\":\"X forwarded port\",\"type\":\"string\",\"name\":\"x_forwarded_port\"},{\"control_type\":\"text\",\"label\":\"X forwarded proto\",\"type\":\"string\",\"name\":\"x_forwarded_proto\"},{\"control_type\":\"text\",\"label\":\"X request ID\",\"type\":\"string\",\"name\":\"x_request_id\"}]"
      },
      "webhook_suffix": "Item Saved Hahn Demo"
    },
    "extended_output_schema": [
      {
        "label": "Headers",
        "name": "headers",
        "properties": [
          {
            "control_type": "text",
            "label": "Content length",
            "type": "string",
            "name": "content_length"
          },
          {
            "control_type": "text",
            "label": "Content type",
            "type": "string",
            "name": "content_type"
          },
          {
            "control_type": "text",
            "label": "X amzn trace ID",
            "type": "string",
            "name": "x_amzn_trace_id"
          },
          {
            "control_type": "text",
            "label": "X correlation ID",
            "type": "string",
            "name": "x_correlation_id"
          },
          {
            "control_type": "text",
            "label": "X forwarded for",
            "type": "string",
            "name": "x_forwarded_for"
          },
          {
            "control_type": "text",
            "label": "X forwarded port",
            "type": "string",
            "name": "x_forwarded_port"
          },
          {
            "control_type": "text",
            "label": "X forwarded proto",
            "type": "string",
            "name": "x_forwarded_proto"
          },
          {
            "control_type": "text",
            "label": "X request ID",
            "type": "string",
            "name": "x_request_id"
          }
        ],
        "type": "object"
      },
      {
        "label": "Payload",
        "name": "payload",
        "properties": [
          {
            "control_type": "text",
            "label": "Event name",
            "type": "string",
            "name": "EventName"
          },
          {
            "properties": [
              {
                "control_type": "text",
                "label": "Language",
                "type": "string",
                "name": "Language"
              },
              {
                "control_type": "number",
                "label": "Version",
                "parse_output": "float_conversion",
                "type": "number",
                "name": "Version"
              },
              {
                "control_type": "text",
                "label": "ID",
                "type": "string",
                "name": "Id"
              },
              {
                "control_type": "text",
                "label": "Name",
                "type": "string",
                "name": "Name"
              },
              {
                "control_type": "text",
                "label": "Parent ID",
                "type": "string",
                "name": "ParentId"
              },
              {
                "control_type": "text",
                "label": "Template ID",
                "type": "string",
                "name": "TemplateId"
              },
              {
                "control_type": "text",
                "label": "Master ID",
                "type": "string",
                "name": "MasterId"
              },
              {
                "name": "SharedFields",
                "type": "array",
                "of": "object",
                "label": "Shared fields",
                "properties": [
                  {
                    "control_type": "text",
                    "label": "ID",
                    "type": "string",
                    "name": "Id"
                  },
                  {
                    "control_type": "text",
                    "label": "Value",
                    "type": "string",
                    "name": "Value"
                  }
                ]
              },
              {
                "name": "VersionedFields",
                "type": "array",
                "of": "object",
                "label": "Versioned fields",
                "properties": [
                  {
                    "control_type": "text",
                    "label": "ID",
                    "type": "string",
                    "name": "Id"
                  },
                  {
                    "control_type": "text",
                    "label": "Value",
                    "type": "string",
                    "name": "Value"
                  },
                  {
                    "control_type": "number",
                    "label": "Version",
                    "parse_output": "float_conversion",
                    "type": "number",
                    "name": "Version"
                  },
                  {
                    "control_type": "text",
                    "label": "Language",
                    "type": "string",
                    "name": "Language"
                  }
                ]
              }
            ],
            "label": "Item",
            "type": "object",
            "name": "Item"
          },
          {
            "properties": [
              {
                "name": "FieldChanges",
                "type": "array",
                "of": "object",
                "label": "Field changes",
                "properties": [
                  {
                    "control_type": "text",
                    "label": "Field ID",
                    "type": "string",
                    "name": "FieldId"
                  },
                  {
                    "control_type": "text",
                    "label": "Value",
                    "type": "string",
                    "name": "Value"
                  },
                  {
                    "control_type": "text",
                    "label": "Original value",
                    "type": "string",
                    "name": "OriginalValue"
                  }
                ]
              },
              {
                "control_type": "text",
                "label": "Is unversioned field changed",
                "render_input": {
                },
                "parse_output": {
                },
                "toggle_hint": "Select from option list",
                "toggle_field": {
                  "label": "Is unversioned field changed",
                  "control_type": "text",
                  "toggle_hint": "Use custom value",
                  "type": "boolean",
                  "name": "IsUnversionedFieldChanged"
                },
                "type": "boolean",
                "name": "IsUnversionedFieldChanged"
              },
              {
                "control_type": "text",
                "label": "Is shared field changed",
                "render_input": {
                },
                "parse_output": {
                },
                "toggle_hint": "Select from option list",
                "toggle_field": {
                  "label": "Is shared field changed",
                  "control_type": "text",
                  "toggle_hint": "Use custom value",
                  "type": "boolean",
                  "name": "IsSharedFieldChanged"
                },
                "type": "boolean",
                "name": "IsSharedFieldChanged"
              }
            ],
            "label": "Changes",
            "type": "object",
            "name": "Changes"
          },
          {
            "control_type": "text",
            "label": "Webhook item ID",
            "type": "string",
            "name": "WebhookItemId"
          },
          {
            "control_type": "text",
            "label": "Webhook item name",
            "type": "string",
            "name": "WebhookItemName"
          }
        ],
        "type": "object"
      }
    ],
    "extended_input_schema": [
      {
        "label": "Payload configuration",
        "name": "request",
        "override": true,
        "properties": [
          {
            "control_type": "select",
            "label": "Webhook type",
            "pick_list": [
              [
                "GET request",
                "get"
              ],
              [
                "PUT/POST with JSON payload",
                "json"
              ],
              [
                "PUT/POST with XML payload",
                "xml"
              ],
              [
                "PUT/POST with FORM encoded payload",
                "form"
              ],
              [
                "PUT/POST with raw binary data",
                "rawdata"
              ],
              [
                "PUT/POST with unicode text data",
                "rawdatatxt"
              ]
            ],
            "hint": "Select the HTTP method and payload data type used by webhook. <a href=\"https://docs.workato.com/developing-connectors/http.html#set-up-your-non-oauth-2-0-connection\" target=\"_blank\">Learn more</a>",
            "default": "json",
            "extends_schema": true,
            "type": "string",
            "name": "webhook_type"
          },
          {
            "control_type": "schema-designer",
            "label": "Payload schema",
            "sample_data_type": "json_http",
            "extends_schema": true,
            "empty_schema_title": "Describe all fields in your response.",
            "optional": true,
            "sticky": true,
            "type": "string",
            "name": "payload_schema"
          },
          {
            "control_type": "schema-designer",
            "label": "Query params",
            "extends_schema": true,
            "empty_schema_title": "Describe all the query params",
            "optional": true,
            "sticky": true,
            "type": "string",
            "name": "query_params"
          },
          {
            "control_type": "schema-designer",
            "label": "Headers",
            "extends_schema": true,
            "empty_schema_title": "Describe all the webhook headers",
            "optional": true,
            "sticky": true,
            "type": "string",
            "name": "headers_schema"
          }
        ],
        "type": "object"
      }
    ],
    "block": [
      {
        "number": 1,
        "provider": "workato_variable",
        "name": "declare_variable",
        "as": "cb936412",
        "title": "  Create variable Original Language",
        "description": "Create variable <span class=\"provider\">Original Language</span>",
        "keyword": "action",
        "input": {
          "variables": {
            "schema": "[{\"name\":\"original_language\",\"type\":\"string\",\"optional\":true,\"label\":\"Original Language\",\"control_type\":\"text\"}]",
            "data": {
              "original_language": "#{_dp('{\"pill_type\":\"output\",\"provider\":\"workato_webhooks\",\"line\":\"4d3177e1\",\"path\":[\"payload\",\"Item\",\"Language\"]}')}"
            }
          }
        },
        "extended_output_schema": [
          {
            "control_type": "text",
            "label": "Original Language",
            "name": "original_language",
            "optional": true,
            "type": "string"
          }
        ],
        "extended_input_schema": [
          {
            "add_field_label": "Add a variable",
            "control_type": "form-schema-builder",
            "empty_schema_title": "Add variables by giving them a name, type and default value",
            "exclude_fields": [
              "hint"
            ],
            "item_label": "variable",
            "label": "Variables",
            "mark_as_required": true,
            "name": "variables",
            "ngIf": "!input.name",
            "optional": true,
            "properties": [
              {
                "control_type": "text",
                "label": "Schema",
                "extends_schema": true,
                "broadcast_change_event": true,
                "type": "string",
                "name": "schema"
              },
              {
                "properties": [
                  {
                    "control_type": "text",
                    "label": "Original Language",
                    "name": "original_language",
                    "type": "string",
                    "optional": true,
                    "hint": "Defaults to nil if not supplied.",
                    "sticky": true
                  }
                ],
                "label": "Data",
                "type": "object",
                "name": "data"
              }
            ],
            "type": "object"
          }
        ],
        "visible_config_fields": [
          "variables.data.original_language"
        ],
        "uuid": "7d46dc28-8241-40be-a796-a559ed67ce71"
      },
      {
        "number": 2,
        "keyword": "if",
        "input": {
          "type": "compound",
          "operand": "and",
          "conditions": [
            {
              "operand": "contains",
              "lhs": "#{_dp('{\"pill_type\":\"account_property\",\"property_name\":\"Content_Item_Template_ID\"}')}.downcase",
              "rhs": "#{_dp('{\"pill_type\":\"output\",\"provider\":\"workato_webhooks\",\"line\":\"4d3177e1\",\"path\":[\"payload\",\"Item\",\"TemplateId\"]}')}",
              "uuid": "condition-75c23801-165a-438b-ace6-ec04e91a9c68"
            }
          ]
        },
        "block": [
          {
            "number": 3,
            "provider": "sitecore_xm_cloud_management_connector_1015593_1705320422",
            "name": "get_news_details",
            "as": "3c63a45b",
            "keyword": "action",
            "input": {
              "language": "#{_dp('{\"pill_type\":\"output\",\"provider\":\"workato_variable\",\"line\":\"cb936412\",\"path\":[\"original_language\"]}')}",
              "item_id": "#{_dp('{\"pill_type\":\"output\",\"provider\":\"workato_webhooks\",\"line\":\"4d3177e1\",\"path\":[\"payload\",\"Item\",\"Id\"]}')}"
            },
            "comment": "Get additional News Data, which are not part of the Webhook (Might be removed in refactoring, cause not really needed)",
            "uuid": "47bb58ea-8255-44db-80b2-9d74825354be"
          },
          {
            "number": 4,
            "provider": "sitecore_xm_cloud_management_connector_1015593_1705320422",
            "name": "get_languages_to_translate",
            "as": "e71dc946",
            "keyword": "action",
            "input": {
              "language": "en",
              "tenant": "Demo Tenant",
              "site": "Demo Site A"
            },
            "comment": "Get all the Languages the Editor has chosen in XM Cloud as Target",
            "uuid": "31c5f768-d37e-4c38-9d22-ce577581bfbf"
          },
          {
            "number": 5,
            "provider": "workato_list",
            "name": "create_list",
            "as": "f19c1374",
            "keyword": "action",
            "input": {
              "size": "=_dp('{\"pill_type\":\"output\",\"provider\":\"sitecore_xm_cloud_management_connector_1015593_1705320422\",\"line\":\"e71dc946\",\"path\":[\"data\",\"item\",\"TargetLanguages\",\"value\"]}').split('|').length"
            },
            "uuid": "5c234b1c-6c9b-4525-b003-341b761d8419"
          },
          {
            "number": 6,
            "as": "77dc13ad",
            "keyword": "foreach",
            "repeat_mode": "simple",
            "clear_scope": "true",
            "input": {
            },
            "block": [
              {
                "number": 7,
                "provider": "workato_list",
                "name": "accumulate_list_items",
                "as": "2c8db0f1",
                "title": "Accumulate items to Languages list",
                "description": "Accumulate <span class=\"provider\">items</span> to <span class=\"provider\">Languages</span> list",
                "keyword": "action",
                "input": {
                  "name": "Languages",
                  "list_item": {
                    "schema": "[{\"name\":\"ItemId\",\"type\":\"string\",\"optional\":true,\"label\":\"ItemId\",\"control_type\":\"text\"}]",
                    "data": {
                      "ItemId": "=_dp('{\"pill_type\":\"output\",\"provider\":\"sitecore_xm_cloud_management_connector_1015593_1705320422\",\"line\":\"e71dc946\",\"path\":[\"data\",\"item\",\"TargetLanguages\",\"value\"]}').split('|')[_dp('{\"pill_type\":\"foreach_meta\",\"provider\":\"foreach\",\"line\":\"77dc13ad\",\"key\":\"index\"}')]"
                    }
                  }
                },
                "extended_output_schema": [
                  {
                    "label": "Items",
                    "name": "list_items",
                    "of": "object",
                    "properties": [
                      {
                        "control_type": "text",
                        "label": "ItemId",
                        "name": "ItemId",
                        "type": "string",
                        "optional": true
                      }
                    ],
                    "type": "array"
                  }
                ],
                "extended_input_schema": [
                  {
                    "control_type": "form-schema-builder",
                    "label": "List item fields",
                    "name": "list_item",
                    "override": true,
                    "properties": [
                      {
                        "control_type": "text",
                        "label": "Schema",
                        "extends_schema": true,
                        "type": "string",
                        "name": "schema"
                      },
                      {
                        "properties": [
                          {
                            "control_type": "text",
                            "label": "ItemId",
                            "name": "ItemId",
                            "type": "string",
                            "optional": true
                          }
                        ],
                        "label": "Data",
                        "type": "object",
                        "name": "data"
                      }
                    ],
                    "type": "object"
                  }
                ],
                "visible_config_fields": [
                  "name",
                  "list_item.data.ItemId"
                ],
                "uuid": "2685db47-09e4-458e-a0b4-3d22c271882a"
              },
              {
                "number": 8,
                "provider": "sitecore_xm_cloud_management_connector_1015593_1705320422",
                "name": "get_languageItem_Iso_Code",
                "as": "1ed96456",
                "keyword": "action",
                "input": {
                  "language": "en",
                  "itemId": "=_dp('{\"pill_type\":\"output\",\"provider\":\"sitecore_xm_cloud_management_connector_1015593_1705320422\",\"line\":\"e71dc946\",\"path\":[\"data\",\"item\",\"TargetLanguages\",\"value\"]}').split('|')[_dp('{\"pill_type\":\"foreach_meta\",\"provider\":\"foreach\",\"line\":\"77dc13ad\",\"key\":\"index\"}')]"
                },
                "uuid": "6a68b2d3-86b5-4694-9909-71724fff29f4"
              },
              {
                "number": 9,
                "provider": "workato_variable",
                "name": "declare_variable",
                "as": "dc96f97d",
                "title": "  Create variable Language",
                "description": "Create variable <span class=\"provider\">Language</span>",
                "keyword": "action",
                "input": {
                  "variables": {
                    "schema": "[{\"name\":\"Language\",\"type\":\"string\",\"optional\":true,\"label\":\"Language\",\"control_type\":\"text\"}]",
                    "data": {
                      "Language": "=_dp('{\"pill_type\":\"output\",\"provider\":\"sitecore_xm_cloud_management_connector_1015593_1705320422\",\"line\":\"1ed96456\",\"path\":[\"data\",\"item\",\"IsoCode\",\"value\"]}').blank? ? _dp('{\"pill_type\":\"output\",\"provider\":\"sitecore_xm_cloud_management_connector_1015593_1705320422\",\"line\":\"1ed96456\",\"path\":[\"data\",\"item\",\"Iso\",\"value\"]}') : _dp('{\"pill_type\":\"output\",\"provider\":\"sitecore_xm_cloud_management_connector_1015593_1705320422\",\"line\":\"1ed96456\",\"path\":[\"data\",\"item\",\"IsoCode\",\"value\"]}')"
                    }
                  }
                },
                "extended_output_schema": [
                  {
                    "control_type": "text",
                    "label": "Language",
                    "name": "Language",
                    "optional": true,
                    "type": "string"
                  }
                ],
                "extended_input_schema": [
                  {
                    "add_field_label": "Add a variable",
                    "control_type": "form-schema-builder",
                    "empty_schema_title": "Add variables by giving them a name, type and default value",
                    "exclude_fields": [
                      "hint"
                    ],
                    "item_label": "variable",
                    "label": "Variables",
                    "mark_as_required": true,
                    "name": "variables",
                    "ngIf": "!input.name",
                    "optional": true,
                    "properties": [
                      {
                        "control_type": "text",
                        "label": "Schema",
                        "extends_schema": true,
                        "broadcast_change_event": true,
                        "type": "string",
                        "name": "schema"
                      },
                      {
                        "properties": [
                          {
                            "control_type": "text",
                            "label": "Language",
                            "name": "Language",
                            "type": "string",
                            "optional": true,
                            "hint": "Defaults to nil if not supplied.",
                            "sticky": true
                          }
                        ],
                        "label": "Data",
                        "type": "object",
                        "name": "data"
                      }
                    ],
                    "type": "object"
                  }
                ],
                "visible_config_fields": [
                  "variables.data.Language"
                ],
                "uuid": "a12ddb0c-2b7c-44fe-ba63-0e384e9eed4c"
              },
              {
                "number": 10,
                "keyword": "if",
                "input": {
                  "type": "compound",
                  "operand": "and",
                  "conditions": [
                    {
                      "operand": "not_equals_to",
                      "lhs": "#{_dp('{\"pill_type\":\"output\",\"provider\":\"workato_webhooks\",\"line\":\"4d3177e1\",\"path\":[\"payload\",\"Item\",\"Language\"]}')}",
                      "rhs": "#{_dp('{\"pill_type\":\"output\",\"provider\":\"workato_variable\",\"line\":\"dc96f97d\",\"path\":[\"Language\"]}')}",
                      "uuid": "condition-3a712504-762c-4705-b274-429e926c3a94"
                    }
                  ]
                },
                "block": [
                  {
                    "number": 11,
                    "provider": "open_ai",
                    "name": "translate_text",
                    "as": "6c496eed",
                    "keyword": "action",
                    "toggleCfg": {
                      "to": false,
                      "from": false
                    },
                    "input": {
                      "text": "#{_dp('{\"pill_type\":\"output\",\"provider\":\"sitecore_xm_cloud_management_connector_1015593_1705320422\",\"line\":\"3c63a45b\",\"path\":[\"data\",\"item\",\"Title\",\"value\"]}')}",
                      "to": "#{_dp('{\"pill_type\":\"output\",\"provider\":\"workato_variable\",\"line\":\"dc96f97d\",\"path\":[\"Language\"]}')}",
                      "from": "#{_dp('{\"pill_type\":\"output\",\"provider\":\"workato_webhooks\",\"line\":\"4d3177e1\",\"path\":[\"payload\",\"Item\",\"Language\"]}')}"
                    },
                    "comment": "Let Title be translated by OpenAI",
                    "uuid": "555caede-15ad-4f94-a195-53027d8e545c"
                  },
                  {
                    "number": 12,
                    "provider": "open_ai",
                    "name": "translate_text",
                    "as": "b90d71a6",
                    "keyword": "action",
                    "toggleCfg": {
                      "to": false,
                      "from": false
                    },
                    "input": {
                      "text": "#{_dp('{\"pill_type\":\"output\",\"provider\":\"sitecore_xm_cloud_management_connector_1015593_1705320422\",\"line\":\"3c63a45b\",\"path\":[\"data\",\"item\",\"Content\",\"value\"]}')}",
                      "to": "#{_dp('{\"pill_type\":\"output\",\"provider\":\"workato_variable\",\"line\":\"dc96f97d\",\"path\":[\"Language\"]}')}",
                      "from": "#{_dp('{\"pill_type\":\"output\",\"provider\":\"workato_webhooks\",\"line\":\"4d3177e1\",\"path\":[\"payload\",\"Item\",\"Language\"]}')}"
                    },
                    "comment": "Let Content be translated by OpenAI",
                    "uuid": "18b09f0f-44c8-42ee-89fd-a89a9a186e6f"
                  },
                  {
                    "number": 13,
                    "provider": "open_ai",
                    "name": "translate_text",
                    "as": "07ca7358",
                    "keyword": "action",
                    "toggleCfg": {
                      "to": false
                    },
                    "input": {
                      "to": "#{_dp('{\"pill_type\":\"output\",\"provider\":\"workato_variable\",\"line\":\"dc96f97d\",\"path\":[\"Language\"]}')}",
                      "text": "#{_dp('{\"pill_type\":\"output\",\"provider\":\"sitecore_xm_cloud_management_connector_1015593_1705320422\",\"line\":\"3c63a45b\",\"path\":[\"data\",\"item\",\"Abstract\",\"value\"]}')}"
                    },
                    "comment": "Let Abstract be translated by OpenAI",
                    "uuid": "3c04f944-85b1-4afe-ba3c-08f08ae77321"
                  },
                  {
                    "number": 14,
                    "provider": "sitecore_xm_cloud_management_connector_1015593_1705320422",
                    "name": "get_news_details",
                    "as": "48a71374",
                    "keyword": "action",
                    "input": {
                      "language": "#{_dp('{\"pill_type\":\"output\",\"provider\":\"workato_variable\",\"line\":\"dc96f97d\",\"path\":[\"Language\"]}')}",
                      "item_id": "#{_dp('{\"pill_type\":\"output\",\"provider\":\"workato_webhooks\",\"line\":\"4d3177e1\",\"path\":[\"payload\",\"Item\",\"Id\"]}')}"
                    },
                    "comment": "Grab the news again but in the target language",
                    "uuid": "2f007440-0fd6-4f46-b07d-ab1f16367218"
                  },
                  {
                    "number": 15,
                    "keyword": "if",
                    "input": {
                      "type": "compound",
                      "operand": "or",
                      "conditions": [
                        {
                          "operand": "is_true",
                          "lhs": "#{_dp('{\"pill_type\":\"output\",\"provider\":\"sitecore_xm_cloud_management_connector_1015593_1705320422\",\"line\":\"48a71374\",\"path\":[\"data\",\"item\",\"workflow\",\"workflowState\",\"final\"]}')}",
                          "rhs": "",
                          "uuid": "condition-d1fbbf1a-345d-4e14-b651-6ce1d199a548"
                        },
                        {
                          "operand": "equals_to",
                          "lhs": "#{_dp('{\"pill_type\":\"output\",\"provider\":\"sitecore_xm_cloud_management_connector_1015593_1705320422\",\"line\":\"48a71374\",\"path\":[\"data\",\"item\",\"version\"]}')}",
                          "rhs": "0",
                          "uuid": "condition-58e50070-422d-4b8a-bb89-9973e0386686"
                        }
                      ]
                    },
                    "block": [
                      {
                        "number": 16,
                        "provider": "sitecore_xm_cloud_management_connector_1015593_1705320422",
                        "name": "add_item_version",
                        "as": "dc968346",
                        "keyword": "action",
                        "input": {
                          "language": "#{_dp('{\"pill_type\":\"output\",\"provider\":\"workato_variable\",\"line\":\"dc96f97d\",\"path\":[\"Language\"]}')}",
                          "itemId": "#{_dp('{\"pill_type\":\"output\",\"provider\":\"workato_webhooks\",\"line\":\"4d3177e1\",\"path\":[\"payload\",\"Item\",\"Id\"]}')}"
                        },
                        "comment": "Add a new version to the news item",
                        "uuid": "fd1bb826-e3fa-4610-a720-0e7ebbba38cf"
                      }
                    ],
                    "comment": "If the news item is in approved or has not version -> Create new one",
                    "uuid": "9fe962c3-3b4c-41fc-af38-4399e01c3e0f"
                  },
                  {
                    "number": 17,
                    "provider": "sitecore_xm_cloud_management_connector_1015593_1705320422",
                    "name": "update_news_item",
                    "as": "8b1244f5",
                    "keyword": "action",
                    "input": {
                      "language": "#{_dp('{\"pill_type\":\"output\",\"provider\":\"workato_variable\",\"line\":\"dc96f97d\",\"path\":[\"Language\"]}')}",
                      "itemId": "#{_dp('{\"pill_type\":\"output\",\"provider\":\"workato_webhooks\",\"line\":\"4d3177e1\",\"path\":[\"payload\",\"Item\",\"Id\"]}')}",
                      "title": "#{_dp('{\"pill_type\":\"output\",\"provider\":\"open_ai\",\"line\":\"6c496eed\",\"path\":[\"translated_text\"]}')}"
                    },
                    "visible_config_fields": [
                      "language",
                      "itemId",
                      "title",
                      "content",
                      "abstract"
                    ],
                    "comment": "Does the magic update on the language specific news item",
                    "uuid": "74a39167-c795-40da-b96e-800593d38c4c"
                  },
                  {
                    "number": 18,
                    "provider": "sitecore_xm_cloud_management_connector_1015593_1705320422",
                    "name": "update_news_item",
                    "as": "13fed024",
                    "keyword": "action",
                    "input": {
                      "language": "#{_dp('{\"pill_type\":\"output\",\"provider\":\"workato_variable\",\"line\":\"dc96f97d\",\"path\":[\"Language\"]}')}",
                      "itemId": "#{_dp('{\"pill_type\":\"output\",\"provider\":\"workato_webhooks\",\"line\":\"4d3177e1\",\"path\":[\"payload\",\"Item\",\"Id\"]}')}",
                      "content": "#{_dp('{\"pill_type\":\"output\",\"provider\":\"open_ai\",\"line\":\"b90d71a6\",\"path\":[\"translated_text\"]}')}"
                    },
                    "visible_config_fields": [
                      "language",
                      "itemId",
                      "title",
                      "content",
                      "abstract"
                    ],
                    "comment": "Does the magic update on the language specific news item",
                    "uuid": "7eca2c37-6ab5-4c48-8063-dafdae673cea"
                  },
                  {
                    "number": 19,
                    "provider": "sitecore_xm_cloud_management_connector_1015593_1705320422",
                    "name": "update_news_item",
                    "as": "74199c75",
                    "keyword": "action",
                    "input": {
                      "language": "#{_dp('{\"pill_type\":\"output\",\"provider\":\"workato_variable\",\"line\":\"dc96f97d\",\"path\":[\"Language\"]}')}",
                      "itemId": "#{_dp('{\"pill_type\":\"output\",\"provider\":\"workato_webhooks\",\"line\":\"4d3177e1\",\"path\":[\"payload\",\"Item\",\"Id\"]}')}",
                      "abstract": "#{_dp('{\"pill_type\":\"output\",\"provider\":\"open_ai\",\"line\":\"07ca7358\",\"path\":[\"translated_text\"]}')}"
                    },
                    "visible_config_fields": [
                      "language",
                      "itemId",
                      "title",
                      "content",
                      "abstract"
                    ],
                    "comment": "Does the magic update on the language specific news item",
                    "uuid": "cd6ba79e-f979-472a-b28d-0ced1358c683"
                  }
                ],
                "uuid": "408b432b-b60a-45a6-a7c4-709960a5e4f7"
              }
            ],
            "source": "#{_dp('{\"pill_type\":\"output\",\"provider\":\"workato_list\",\"line\":\"f19c1374\",\"path\":[\"list\"]}')}",
            "uuid": "9cdf25ce-4208-48a4-a8a3-51d2a219d7c0"
          }
        ],
        "uuid": "8ef08d6b-dcb0-4919-9238-e4eb5cc288dd"
      },
      {
        "number": 20,
        "keyword": "stop",
        "input": {
          "stop_with_error": "false"
        },
        "uuid": "5bc39400-30c0-4d01-9b8f-7afca8862227"
      }
    ],
    "uuid": "38c9c7c3-ca64-46b7-a1c3-798a670fc33e",
    "wizardFinished": true,
    "format_version": 2
  },
  "config": [
    {
      "keyword": "application",
      "provider": "workato_webhooks",
      "skip_validation": false,
      "account_id": null
    },
    {
      "keyword": "application",
      "provider": "sitecore_xm_cloud_management_connector_1015593_1705320422",
      "skip_validation": false,
      "account_id": {
        "zip_name": "Connections/sitecore_xm_cloud.connection.json",
        "name": "Sitecore XM Cloud",
        "folder": "Connections",
        "custom": true
      }
    },
    {
      "keyword": "application",
      "provider": "workato_list",
      "skip_validation": false,
      "account_id": null
    },
    {
      "keyword": "application",
      "provider": "workato_variable",
      "skip_validation": false,
      "account_id": null
    },
    {
      "keyword": "application",
      "provider": "open_ai",
      "skip_validation": false,
      "account_id": {
        "zip_name": "Connections/microsoft_open_ai.connection.json",
        "name": "Microsoft Open AI",
        "folder": "Connections"
      }
    }
  ]
}